{"dataset_dir": "spotify_20", "classes": 20, "segment_length": 3, "sample_rate": 24000, "augment_size": 5, "overlap_size": 0.0, "train_shape": [8904, 18, 141], "valid_shape": [1484, 18, 141], "test_shape": [1484, 18, 141], "scores": {"test_loss": 0.1868300884962082, "test_acc": 0.9575471878051758, "train_loss": 0.11540873348712921, "train_acc": 0.9637241959571838, "valid_loss": 0.18997201323509216, "valid_acc": 0.9582210183143616}, "training_params": {"epochs": 1000, "batch_size": 32, "patience": 20, "learning_rate": 0.0001}, "representation": {"name": "MFCC", "n_mfcc": 18, "n_fft": 2048, "hop_length": 512}}