{"dataset_dir": "spotify_60", "classes": 60, "segment_length": 2, "sample_rate": 24000, "augment_size": 5, "overlap_size": 0.0, "train_shape": [39912, 26, 94], "valid_shape": [6652, 26, 94], "test_shape": [6652, 26, 94], "train_time": 404.173463344574, "scores": {"test_loss": 0.30750155448913574, "test_acc": 0.948286235332489, "train_loss": 0.177192822098732, "train_acc": 0.9421226978302002, "valid_loss": 0.3108883798122406, "valid_acc": 0.9428743124008179}, "training_params": {"epochs": 1000, "batch_size": 32, "patience": 20, "learning_rate": 0.0001}, "representation": {"name": "MFCC", "n_mfcc": 26, "n_fft": 2048, "hop_length": 512}}