{"dataset_dir": "spotify_20", "classes": 20, "segment_length": 5, "sample_rate": 24000, "augment_size": 5, "overlap_size": 0.5, "train_shape": [10560, 18, 235], "valid_shape": [1760, 18, 235], "test_shape": [1760, 18, 235], "scores": {"test_loss": 0.24469304084777832, "test_acc": 0.9477272629737854, "train_loss": 0.07459719479084015, "train_acc": 0.9772727489471436, "valid_loss": 0.23346243798732758, "valid_acc": 0.9517045617103577}, "training_params": {"epochs": 1000, "batch_size": 32, "patience": 20, "learning_rate": 0.0001}, "representation": {"name": "MFCC", "n_mfcc": 18, "n_fft": 2048, "hop_length": 512}}