{"dataset_dir": "spotify_20", "classes": 20, "segment_length": 2, "sample_rate": 24000, "augment_size": 5, "overlap_size": 0.0, "train_shape": [13368, 40, 94], "valid_shape": [2228, 40, 94], "test_shape": [2228, 40, 94], "scores": {"test_loss": 0.049890585243701935, "test_acc": 0.9869838356971741, "train_loss": 0.060494109988212585, "train_acc": 0.9811490178108215, "valid_loss": 0.04790128767490387, "valid_acc": 0.989676833152771}, "training_params": {"epochs": 1000, "batch_size": 32, "patience": 20, "learning_rate": 0.0001}, "representation": {"name": "MFCC", "n_mfcc": 40, "n_fft": 2048, "hop_length": 512}}