{"dataset_dir": "spotify_60", "classes": 60, "segment_length": 4, "sample_rate": 24000, "augment_size": 5, "overlap_size": 0.5, "train_shape": [39552, 26, 188], "valid_shape": [6592, 26, 188], "test_shape": [6592, 26, 188], "train_time": 210.91462397575378, "scores": {"test_loss": 0.27140775322914124, "test_acc": 0.9473604559898376, "train_loss": 0.10407529771327972, "train_acc": 0.9658171534538269, "valid_loss": 0.24726931750774384, "valid_acc": 0.9526699185371399}, "training_params": {"epochs": 1000, "batch_size": 32, "patience": 20, "learning_rate": 0.0001}, "representation": {"name": "MFCC", "n_mfcc": 26, "n_fft": 2048, "hop_length": 512}}