{"dataset_dir": "spotify_60", "classes": 60, "segment_length": 1, "sample_rate": 24000, "augment_size": 5, "overlap_size": 0.0, "train_shape": [80010, 34, 47], "valid_shape": [13334, 34, 47], "test_shape": [13335, 34, 47], "train_time": 910.9245893955231, "scores": {"test_loss": 1.728254795074463, "test_acc": 0.7697038054466248, "train_loss": 0.42238104343414307, "train_acc": 0.8656417727470398, "valid_loss": 1.6762977838516235, "valid_acc": 0.7715614438056946}, "training_params": {"epochs": 1000, "batch_size": 32, "patience": 20, "learning_rate": 0.0001}, "representation": {"name": "MFCC", "n_mfcc": 34, "n_fft": 2048, "hop_length": 512}}