{"dataset_dir": "spotify_20", "classes": 20, "segment_length": 4, "sample_rate": 24000, "augment_size": 5, "overlap_size": 0.0, "train_shape": [6666, 40, 188], "valid_shape": [1111, 40, 188], "test_shape": [1111, 40, 188], "scores": {"test_loss": 0.02904120832681656, "test_acc": 0.9909991025924683, "train_loss": 0.03224939852952957, "train_acc": 0.9878487586975098, "valid_loss": 0.04444484785199165, "valid_acc": 0.9873987436294556}, "training_params": {"epochs": 1000, "batch_size": 32, "patience": 20, "learning_rate": 0.0001}, "representation": {"name": "MFCC", "n_mfcc": 40, "n_fft": 2048, "hop_length": 512}}