{"dataset_dir": "spotify_60", "classes": 60, "segment_length": 4, "sample_rate": 24000, "augment_size": 5, "overlap_size": 0.5, "train_shape": [39552, 40, 188], "valid_shape": [6592, 40, 188], "test_shape": [6592, 40, 188], "train_time": 223.8292579650879, "scores": {"test_loss": 0.12484554201364517, "test_acc": 0.9729975461959839, "train_loss": 0.06175658479332924, "train_acc": 0.9801527261734009, "valid_loss": 0.11744114756584167, "valid_acc": 0.9737560749053955}, "training_params": {"epochs": 1000, "batch_size": 32, "patience": 20, "learning_rate": 0.0001}, "representation": {"name": "MFCC", "n_mfcc": 40, "n_fft": 2048, "hop_length": 512}}