{"dataset_dir": "spotify_60", "classes": 60, "segment_length": 2, "sample_rate": 24000, "augment_size": 5, "overlap_size": 0.0, "train_shape": [39912, 40, 94], "valid_shape": [6652, 40, 94], "test_shape": [6652, 40, 94], "train_time": 286.68531346321106, "scores": {"test_loss": 0.14520137012004852, "test_acc": 0.9773000478744507, "train_loss": 0.11123892664909363, "train_acc": 0.9638203978538513, "valid_loss": 0.14041361212730408, "valid_acc": 0.975646436214447}, "training_params": {"epochs": 1000, "batch_size": 32, "patience": 20, "learning_rate": 0.0001}, "representation": {"name": "MFCC", "n_mfcc": 40, "n_fft": 2048, "hop_length": 512}}