{"dataset_dir": "spotify_60", "classes": 60, "segment_length": 2, "sample_rate": 24000, "augment_size": 5, "overlap_size": 0.5, "train_shape": [79650, 18, 94], "valid_shape": [13275, 18, 94], "test_shape": [13275, 18, 94], "train_time": 858.6023299694061, "scores": {"test_loss": 1.7058979272842407, "test_acc": 0.7430508732795715, "train_loss": 0.4433048367500305, "train_acc": 0.859912097454071, "valid_loss": 1.7505466938018799, "valid_acc": 0.7448587417602539}, "training_params": {"epochs": 1000, "batch_size": 32, "patience": 20, "learning_rate": 0.0001}, "representation": {"name": "MFCC", "n_mfcc": 18, "n_fft": 2048, "hop_length": 512}}