{"dataset_dir": "spotify_20", "classes": 20, "segment_length": 3, "sample_rate": 24000, "augment_size": 5, "overlap_size": 0.0, "train_shape": [8904, 34, 141], "valid_shape": [1484, 34, 141], "test_shape": [1484, 34, 141], "scores": {"test_loss": 0.030991993844509125, "test_acc": 0.9912399053573608, "train_loss": 0.03926653414964676, "train_acc": 0.9871967434883118, "valid_loss": 0.04491960257291794, "valid_acc": 0.9885444641113281}, "training_params": {"epochs": 1000, "batch_size": 32, "patience": 20, "learning_rate": 0.0001}, "representation": {"name": "MFCC", "n_mfcc": 34, "n_fft": 2048, "hop_length": 512}}