{"dataset_dir": "spotify_20", "classes": 20, "segment_length": 5, "sample_rate": 24000, "augment_size": 5, "overlap_size": 0.5, "train_shape": [10560, 26, 235], "valid_shape": [1760, 26, 235], "test_shape": [1760, 26, 235], "scores": {"test_loss": 0.13435618579387665, "test_acc": 0.96875, "train_loss": 0.05383691564202309, "train_acc": 0.9822916388511658, "valid_loss": 0.1602502465248108, "valid_acc": 0.9642045497894287}, "training_params": {"epochs": 1000, "batch_size": 32, "patience": 20, "learning_rate": 0.0001}, "representation": {"name": "MFCC", "n_mfcc": 26, "n_fft": 2048, "hop_length": 512}}