{"dataset_dir": "spotify_120", "classes": 120, "segment_length": 3, "sample_rate": 24000, "augment_size": 5, "overlap_size": 0.0, "train_shape": [50304, 18, 141], "valid_shape": [8384, 18, 141], "test_shape": [8383, 18, 141], "train_time": 224.969988822937, "scores": {"test_loss": 1.9812930822372437, "test_acc": 0.8069903254508972, "train_loss": 0.05861383303999901, "train_acc": 0.9820889234542847, "valid_loss": 1.896776795387268, "valid_acc": 0.8105915784835815}, "training_params": {"epochs": 1000, "batch_size": 32, "patience": 20, "learning_rate": 0.0001}, "representation": {"name": "MFCC", "n_mfcc": 18, "n_fft": 2048, "hop_length": 512}}