{"dataset_dir": "spotify_120", "classes": 120, "segment_length": 5, "sample_rate": 24000, "augment_size": 5, "overlap_size": 0.0, "train_shape": [30060, 34, 235], "valid_shape": [5010, 34, 235], "test_shape": [5010, 34, 235], "train_time": 82.8319525718689, "scores": {"test_loss": 1.9219557046890259, "test_acc": 0.8105788230895996, "train_loss": 0.014625896699726582, "train_acc": 0.9953093528747559, "valid_loss": 1.859947919845581, "valid_acc": 0.8107784390449524}, "training_params": {"epochs": 1000, "batch_size": 32, "patience": 20, "learning_rate": 0.0001}, "representation": {"name": "MFCC", "n_mfcc": 34, "n_fft": 2048, "hop_length": 512}}