{"dataset_dir": "spotify_120", "classes": 120, "segment_length": 4, "sample_rate": 24000, "augment_size": 5, "overlap_size": 0.0, "train_shape": [37638, 18, 188], "valid_shape": [6273, 18, 188], "test_shape": [6273, 18, 188], "train_time": 207.73451495170593, "scores": {"test_loss": 2.037865161895752, "test_acc": 0.8109357357025146, "train_loss": 0.034272149205207825, "train_acc": 0.9897709488868713, "valid_loss": 2.0144102573394775, "valid_acc": 0.8136457800865173}, "training_params": {"epochs": 1000, "batch_size": 32, "patience": 20, "learning_rate": 0.0001}, "representation": {"name": "MFCC", "n_mfcc": 18, "n_fft": 2048, "hop_length": 512}}