{"dataset_dir": "spotify_120", "classes": 120, "segment_length": 5, "sample_rate": 24000, "augment_size": 5, "overlap_size": 0.5, "train_shape": [59700, 18, 235], "valid_shape": [9950, 18, 235], "test_shape": [9950, 18, 235], "train_time": 266.0109078884125, "scores": {"test_loss": 2.101369619369507, "test_acc": 0.7954773902893066, "train_loss": 0.04435370862483978, "train_acc": 0.9862813949584961, "valid_loss": 2.0802865028381348, "valid_acc": 0.7966834306716919}, "training_params": {"epochs": 1000, "batch_size": 32, "patience": 20, "learning_rate": 0.0001}, "representation": {"name": "MFCC", "n_mfcc": 18, "n_fft": 2048, "hop_length": 512}}