{"dataset_dir": "spotify_60", "classes": 60, "segment_length": 2, "sample_rate": 24000, "augment_size": 5, "overlap_size": 0.5, "train_shape": [79650, 34, 94], "valid_shape": [13275, 34, 94], "test_shape": [13275, 34, 94], "train_time": 828.7160975933075, "scores": {"test_loss": 1.723185420036316, "test_acc": 0.8020339012145996, "train_loss": 0.17741233110427856, "train_acc": 0.9430885314941406, "valid_loss": 1.6925898790359497, "valid_acc": 0.8026365637779236}, "training_params": {"epochs": 1000, "batch_size": 32, "patience": 20, "learning_rate": 0.0001}, "representation": {"name": "MFCC", "n_mfcc": 34, "n_fft": 2048, "hop_length": 512}}