{"dataset_dir": "spotify_20", "classes": 20, "segment_length": 3, "sample_rate": 24000, "augment_size": 5, "overlap_size": 0.5, "train_shape": [17724, 18, 141], "valid_shape": [2954, 18, 141], "test_shape": [2954, 18, 141], "scores": {"test_loss": 0.3226091265678406, "test_acc": 0.9380500912666321, "train_loss": 0.106124147772789, "train_acc": 0.9657526612281799, "valid_loss": 0.3603808581829071, "valid_acc": 0.9322952032089233}, "training_params": {"epochs": 1000, "batch_size": 32, "patience": 20, "learning_rate": 0.0001}, "representation": {"name": "MFCC", "n_mfcc": 18, "n_fft": 2048, "hop_length": 512}}