{"dataset_dir": "spotify_120", "classes": 120, "segment_length": 3, "sample_rate": 24000, "augment_size": 5, "overlap_size": 0.5, "train_shape": [100242, 18, 141], "valid_shape": [16707, 18, 141], "test_shape": [16707, 18, 141], "train_time": 642.1315162181854, "scores": {"test_loss": 2.3174028396606445, "test_acc": 0.7826060652732849, "train_loss": 0.08295850455760956, "train_acc": 0.9736437797546387, "valid_loss": 2.24407958984375, "valid_acc": 0.7836236357688904}, "training_params": {"epochs": 1000, "batch_size": 32, "patience": 20, "learning_rate": 0.0001}, "representation": {"name": "MFCC", "n_mfcc": 18, "n_fft": 2048, "hop_length": 512}}