{"dataset_dir": "spotify_120", "classes": 120, "segment_length": 2, "sample_rate": 24000, "augment_size": 5, "overlap_size": 0.5, "train_shape": [150912, 34, 94], "valid_shape": [25151, 34, 94], "test_shape": [25152, 34, 94], "train_time": 791.1469702720642, "scores": {"test_loss": 2.276383399963379, "test_acc": 0.7978292107582092, "train_loss": 0.06029288470745087, "train_acc": 0.9816184043884277, "valid_loss": 2.314072370529175, "valid_acc": 0.7982187867164612}, "training_params": {"epochs": 1000, "batch_size": 32, "patience": 20, "learning_rate": 0.0001}, "representation": {"name": "MFCC", "n_mfcc": 34, "n_fft": 2048, "hop_length": 512}}