{"dataset_dir": "spotify_60", "classes": 60, "segment_length": 1, "sample_rate": 24000, "augment_size": 5, "overlap_size": 0.5, "train_shape": [159804, 34, 47], "valid_shape": [26634, 34, 47], "test_shape": [26630, 34, 47], "train_time": 1598.1864881515503, "scores": {"test_loss": 1.6496912240982056, "test_acc": 0.7457379102706909, "train_loss": 0.5940030217170715, "train_acc": 0.8129458427429199, "valid_loss": 1.6042919158935547, "valid_acc": 0.7503191232681274}, "training_params": {"epochs": 1000, "batch_size": 32, "patience": 20, "learning_rate": 0.0001}, "representation": {"name": "MFCC", "n_mfcc": 34, "n_fft": 2048, "hop_length": 512}}