{"dataset_dir": "spotify_20", "classes": 20, "segment_length": 2, "sample_rate": 24000, "augment_size": 5, "overlap_size": 0.0, "train_shape": [13368, 34, 94], "valid_shape": [2228, 34, 94], "test_shape": [2228, 34, 94], "scores": {"test_loss": 0.06399975717067719, "test_acc": 0.9838420152664185, "train_loss": 0.07371586561203003, "train_acc": 0.9766606688499451, "valid_loss": 0.054986026138067245, "valid_acc": 0.985637366771698}, "training_params": {"epochs": 1000, "batch_size": 32, "patience": 20, "learning_rate": 0.0001}, "representation": {"name": "MFCC", "n_mfcc": 34, "n_fft": 2048, "hop_length": 512}}