{"dataset_dir": "spotify_60", "classes": 60, "segment_length": 2, "sample_rate": 24000, "augment_size": 5, "overlap_size": 0.0, "train_shape": [39912, 34, 94], "valid_shape": [6652, 34, 94], "test_shape": [6652, 34, 94], "train_time": 295.8559944629669, "scores": {"test_loss": 0.15385527908802032, "test_acc": 0.9670775532722473, "train_loss": 0.13511143624782562, "train_acc": 0.9561284780502319, "valid_loss": 0.17575031518936157, "valid_acc": 0.9661756157875061}, "training_params": {"epochs": 1000, "batch_size": 32, "patience": 20, "learning_rate": 0.0001}, "representation": {"name": "MFCC", "n_mfcc": 34, "n_fft": 2048, "hop_length": 512}}