{"dataset_dir": "spotify_60", "classes": 60, "segment_length": 3, "sample_rate": 24000, "augment_size": 5, "overlap_size": 0.5, "train_shape": [52896, 40, 141], "valid_shape": [8816, 40, 141], "test_shape": [8816, 40, 141], "train_time": 253.8670027256012, "scores": {"test_loss": 0.14604605734348297, "test_acc": 0.9666515588760376, "train_loss": 0.09604093432426453, "train_acc": 0.9684286117553711, "valid_loss": 0.1451776623725891, "valid_acc": 0.9678992629051208}, "training_params": {"epochs": 1000, "batch_size": 32, "patience": 20, "learning_rate": 0.0001}, "representation": {"name": "MFCC", "n_mfcc": 40, "n_fft": 2048, "hop_length": 512}}