{"dataset_dir": "spotify_60", "classes": 60, "segment_length": 4, "sample_rate": 24000, "augment_size": 5, "overlap_size": 0.0, "train_shape": [19866, 18, 188], "valid_shape": [3311, 18, 188], "test_shape": [3311, 18, 188], "train_time": 137.94048023223877, "scores": {"test_loss": 0.3213385343551636, "test_acc": 0.9414074420928955, "train_loss": 0.12054141610860825, "train_acc": 0.9604852795600891, "valid_loss": 0.27430012822151184, "valid_acc": 0.9471458792686462}, "training_params": {"epochs": 1000, "batch_size": 32, "patience": 20, "learning_rate": 0.0001}, "representation": {"name": "MFCC", "n_mfcc": 18, "n_fft": 2048, "hop_length": 512}}