{"dataset_dir": "spotify_60", "classes": 60, "segment_length": 5, "sample_rate": 24000, "augment_size": 5, "overlap_size": 0.5, "train_shape": [31530, 40, 235], "valid_shape": [5255, 40, 235], "test_shape": [5255, 40, 235], "train_time": 186.65940642356873, "scores": {"test_loss": 0.10262231528759003, "test_acc": 0.9777355194091797, "train_loss": 0.06290968507528305, "train_acc": 0.9789089560508728, "valid_loss": 0.10744769126176834, "valid_acc": 0.9758325219154358}, "training_params": {"epochs": 1000, "batch_size": 32, "patience": 20, "learning_rate": 0.0001}, "representation": {"name": "MFCC", "n_mfcc": 40, "n_fft": 2048, "hop_length": 512}}