{"dataset_dir": "spotify_60", "classes": 60, "segment_length": 4, "sample_rate": 24000, "augment_size": 5, "overlap_size": 0.5, "train_shape": [39552, 34, 188], "valid_shape": [6592, 34, 188], "test_shape": [6592, 34, 188], "train_time": 256.6896755695343, "scores": {"test_loss": 0.16949479281902313, "test_acc": 0.9629854559898376, "train_loss": 0.06986992061138153, "train_acc": 0.9767647385597229, "valid_loss": 0.14939764142036438, "valid_acc": 0.9670813083648682}, "training_params": {"epochs": 1000, "batch_size": 32, "patience": 20, "learning_rate": 0.0001}, "representation": {"name": "MFCC", "n_mfcc": 34, "n_fft": 2048, "hop_length": 512}}