{"dataset_dir": "spotify_120", "classes": 120, "segment_length": 4, "sample_rate": 24000, "augment_size": 5, "overlap_size": 0.0, "train_shape": [37638, 34, 188], "valid_shape": [6273, 34, 188], "test_shape": [6273, 34, 188], "train_time": 107.77413415908813, "scores": {"test_loss": 1.7067148685455322, "test_acc": 0.8160369992256165, "train_loss": 0.020558100193738937, "train_acc": 0.9938625693321228, "valid_loss": 1.7151777744293213, "valid_acc": 0.8152399063110352}, "training_params": {"epochs": 1000, "batch_size": 32, "patience": 20, "learning_rate": 0.0001}, "representation": {"name": "MFCC", "n_mfcc": 34, "n_fft": 2048, "hop_length": 512}}