{"dataset_dir": "spotify_20", "classes": 20, "segment_length": 4, "sample_rate": 24000, "augment_size": 5, "overlap_size": 0.0, "train_shape": [6666, 18, 188], "valid_shape": [1111, 18, 188], "test_shape": [1111, 18, 188], "scores": {"test_loss": 0.20926806330680847, "test_acc": 0.953195333480835, "train_loss": 0.07532747834920883, "train_acc": 0.9770476818084717, "valid_loss": 0.2011527121067047, "valid_acc": 0.958595871925354}, "training_params": {"epochs": 1000, "batch_size": 32, "patience": 20, "learning_rate": 0.0001}, "representation": {"name": "MFCC", "n_mfcc": 18, "n_fft": 2048, "hop_length": 512}}