{"dataset_dir": "spotify_120", "classes": 120, "segment_length": 4, "sample_rate": 24000, "augment_size": 5, "overlap_size": 0.0, "train_shape": [37638, 40, 188], "valid_shape": [6273, 40, 188], "test_shape": [6273, 40, 188], "train_time": 117.92089605331421, "scores": {"test_loss": 1.598086953163147, "test_acc": 0.8205005526542664, "train_loss": 0.015673240646719933, "train_acc": 0.9951910376548767, "valid_loss": 1.592314600944519, "valid_acc": 0.8187469840049744}, "training_params": {"epochs": 1000, "batch_size": 32, "patience": 20, "learning_rate": 0.0001}, "representation": {"name": "MFCC", "n_mfcc": 40, "n_fft": 2048, "hop_length": 512}}