{"dataset_dir": "spotify_60", "classes": 60, "segment_length": 3, "sample_rate": 24000, "augment_size": 5, "overlap_size": 0.5, "train_shape": [52896, 26, 141], "valid_shape": [8816, 26, 141], "test_shape": [8816, 26, 141], "train_time": 352.7618684768677, "scores": {"test_loss": 0.3656056523323059, "test_acc": 0.9325090646743774, "train_loss": 0.16020049154758453, "train_acc": 0.9468957781791687, "valid_loss": 0.35132813453674316, "valid_acc": 0.9335299730300903}, "training_params": {"epochs": 1000, "batch_size": 32, "patience": 20, "learning_rate": 0.0001}, "representation": {"name": "MFCC", "n_mfcc": 26, "n_fft": 2048, "hop_length": 512}}