{"dataset_dir": "spotify_120", "classes": 120, "segment_length": 5, "sample_rate": 24000, "augment_size": 5, "overlap_size": 0.5, "train_shape": [59700, 40, 235], "valid_shape": [9950, 40, 235], "test_shape": [9950, 40, 235], "train_time": 170.76310086250305, "scores": {"test_loss": 1.8603179454803467, "test_acc": 0.8118593096733093, "train_loss": 0.01773231476545334, "train_acc": 0.9943718314170837, "valid_loss": 1.8378231525421143, "valid_acc": 0.8105527758598328}, "training_params": {"epochs": 1000, "batch_size": 32, "patience": 20, "learning_rate": 0.0001}, "representation": {"name": "MFCC", "n_mfcc": 40, "n_fft": 2048, "hop_length": 512}}