{"dataset_dir": "spotify_60", "classes": 60, "segment_length": 5, "sample_rate": 24000, "augment_size": 5, "overlap_size": 0.5, "train_shape": [31530, 18, 235], "valid_shape": [5255, 18, 235], "test_shape": [5255, 18, 235], "train_time": 290.8686625957489, "scores": {"test_loss": 0.6221306324005127, "test_acc": 0.9084681272506714, "train_loss": 0.11703905463218689, "train_acc": 0.9614335298538208, "valid_loss": 0.6270604729652405, "valid_acc": 0.9109419584274292}, "training_params": {"epochs": 1000, "batch_size": 32, "patience": 20, "learning_rate": 0.0001}, "representation": {"name": "MFCC", "n_mfcc": 18, "n_fft": 2048, "hop_length": 512}}