{"dataset_dir": "spotify_60", "classes": 60, "segment_length": 4, "sample_rate": 24000, "augment_size": 5, "overlap_size": 0.5, "train_shape": [39552, 18, 188], "valid_shape": [6592, 18, 188], "test_shape": [6592, 18, 188], "train_time": 337.7209918498993, "scores": {"test_loss": 0.5965881943702698, "test_acc": 0.9082220792770386, "train_loss": 0.15143480896949768, "train_acc": 0.950369119644165, "valid_loss": 0.5382331013679504, "valid_acc": 0.9144417643547058}, "training_params": {"epochs": 1000, "batch_size": 32, "patience": 20, "learning_rate": 0.0001}, "representation": {"name": "MFCC", "n_mfcc": 18, "n_fft": 2048, "hop_length": 512}}