{"dataset_dir": "spotify_20", "classes": 20, "segment_length": 5, "sample_rate": 24000, "augment_size": 5, "overlap_size": 0.0, "train_shape": [5316, 40, 235], "valid_shape": [886, 40, 235], "test_shape": [886, 40, 235], "scores": {"test_loss": 0.018642880022525787, "test_acc": 0.9954853057861328, "train_loss": 0.02530827187001705, "train_acc": 0.9905944466590881, "valid_loss": 0.01570959948003292, "valid_acc": 0.9966139793395996}, "training_params": {"epochs": 1000, "batch_size": 32, "patience": 20, "learning_rate": 0.0001}, "representation": {"name": "MFCC", "n_mfcc": 40, "n_fft": 2048, "hop_length": 512}}