{"dataset_dir": "spotify_60", "classes": 60, "segment_length": 3, "sample_rate": 24000, "augment_size": 5, "overlap_size": 0.0, "train_shape": [26556, 34, 141], "valid_shape": [4426, 34, 141], "test_shape": [4426, 34, 141], "train_time": 128.13067388534546, "scores": {"test_loss": 0.07604601979255676, "test_acc": 0.9814730882644653, "train_loss": 0.08203501254320145, "train_acc": 0.9744690656661987, "valid_loss": 0.07751350849866867, "valid_acc": 0.9816990494728088}, "training_params": {"epochs": 1000, "batch_size": 32, "patience": 20, "learning_rate": 0.0001}, "representation": {"name": "MFCC", "n_mfcc": 34, "n_fft": 2048, "hop_length": 512}}