{"dataset_dir": "spotify_20", "classes": 20, "segment_length": 2, "sample_rate": 24000, "augment_size": 5, "overlap_size": 0.5, "train_shape": [26682, 34, 94], "valid_shape": [4447, 34, 94], "test_shape": [4447, 34, 94], "scores": {"test_loss": 0.1491759866476059, "test_acc": 0.9687429666519165, "train_loss": 0.08336108177900314, "train_acc": 0.9739149808883667, "valid_loss": 0.1524754762649536, "valid_acc": 0.9646952748298645}, "training_params": {"epochs": 1000, "batch_size": 32, "patience": 20, "learning_rate": 0.0001}, "representation": {"name": "MFCC", "n_mfcc": 34, "n_fft": 2048, "hop_length": 512}}