{"dataset_dir": "spotify_20", "classes": 20, "segment_length": 1, "sample_rate": 24000, "augment_size": 5, "overlap_size": 0.0, "train_shape": [26802, 40, 47], "valid_shape": [4467, 40, 47], "test_shape": [4467, 40, 47], "scores": {"test_loss": 0.1904529482126236, "test_acc": 0.9610477089881897, "train_loss": 0.13158325850963593, "train_acc": 0.9564211368560791, "valid_loss": 0.20166896283626556, "valid_acc": 0.9585852026939392}, "training_params": {"epochs": 1000, "batch_size": 32, "patience": 20, "learning_rate": 0.0001}, "representation": {"name": "MFCC", "n_mfcc": 40, "n_fft": 2048, "hop_length": 512}}