{"dataset_dir": "spotify_120", "classes": 120, "segment_length": 2, "sample_rate": 24000, "augment_size": 5, "overlap_size": 0.0, "train_shape": [75612, 26, 94], "valid_shape": [12601, 26, 94], "test_shape": [12602, 26, 94], "train_time": 508.3107717037201, "scores": {"test_loss": 2.184072732925415, "test_acc": 0.8018568754196167, "train_loss": 0.05596137419342995, "train_acc": 0.982727587223053, "valid_loss": 2.2427003383636475, "valid_acc": 0.7997778058052063}, "training_params": {"epochs": 1000, "batch_size": 32, "patience": 20, "learning_rate": 0.0001}, "representation": {"name": "MFCC", "n_mfcc": 26, "n_fft": 2048, "hop_length": 512}}