{"dataset_dir": "spotify_120", "classes": 120, "segment_length": 4, "sample_rate": 24000, "augment_size": 5, "overlap_size": 0.5, "train_shape": [74892, 26, 188], "valid_shape": [12481, 26, 188], "test_shape": [12481, 26, 188], "train_time": 367.3099207878113, "scores": {"test_loss": 2.251293420791626, "test_acc": 0.8043426275253296, "train_loss": 0.02694558911025524, "train_acc": 0.9914810657501221, "valid_loss": 2.1311588287353516, "valid_acc": 0.8105921149253845}, "training_params": {"epochs": 1000, "batch_size": 32, "patience": 20, "learning_rate": 0.0001}, "representation": {"name": "MFCC", "n_mfcc": 26, "n_fft": 2048, "hop_length": 512}}