{"dataset_dir": "spotify_20", "classes": 20, "segment_length": 1, "sample_rate": 24000, "augment_size": 5, "overlap_size": 0.5, "train_shape": [53532, 26, 47], "valid_shape": [8922, 26, 47], "test_shape": [8922, 26, 47], "scores": {"test_loss": 0.5867400765419006, "test_acc": 0.8903833031654358, "train_loss": 0.40023183822631836, "train_acc": 0.8657251596450806, "valid_loss": 0.5983980894088745, "valid_acc": 0.8855637907981873}, "training_params": {"epochs": 1000, "batch_size": 32, "patience": 20, "learning_rate": 0.0001}, "representation": {"name": "MFCC", "n_mfcc": 26, "n_fft": 2048, "hop_length": 512}}