{"dataset_dir": "spotify_60", "classes": 60, "segment_length": 4, "sample_rate": 24000, "augment_size": 5, "overlap_size": 0.0, "train_shape": [19866, 26, 188], "valid_shape": [3311, 26, 188], "test_shape": [3311, 26, 188], "train_time": 94.32239580154419, "scores": {"test_loss": 0.11306966096162796, "test_acc": 0.970099687576294, "train_loss": 0.09677479416131973, "train_acc": 0.9690929055213928, "valid_loss": 0.12211944907903671, "valid_acc": 0.969797670841217}, "training_params": {"epochs": 1000, "batch_size": 32, "patience": 20, "learning_rate": 0.0001}, "representation": {"name": "MFCC", "n_mfcc": 26, "n_fft": 2048, "hop_length": 512}}