{"dataset_dir": "spotify_20", "classes": 20, "segment_length": 3, "sample_rate": 24000, "augment_size": 5, "overlap_size": 0.5, "train_shape": [17724, 26, 141], "valid_shape": [2954, 26, 141], "test_shape": [2954, 26, 141], "scores": {"test_loss": 0.20663322508335114, "test_acc": 0.9610697627067566, "train_loss": 0.06517566740512848, "train_acc": 0.9781087636947632, "valid_loss": 0.23135419189929962, "valid_acc": 0.956330418586731}, "training_params": {"epochs": 1000, "batch_size": 32, "patience": 20, "learning_rate": 0.0001}, "representation": {"name": "MFCC", "n_mfcc": 26, "n_fft": 2048, "hop_length": 512}}