{"dataset_dir": "spotify_60", "classes": 60, "segment_length": 2, "sample_rate": 24000, "augment_size": 5, "overlap_size": 0.5, "train_shape": [79650, 40, 94], "valid_shape": [13275, 40, 94], "test_shape": [13275, 40, 94], "train_time": 553.1867048740387, "scores": {"test_loss": 1.5732524394989014, "test_acc": 0.8048964142799377, "train_loss": 0.16609852015972137, "train_acc": 0.9464406967163086, "valid_loss": 1.523612380027771, "valid_acc": 0.8075329661369324}, "training_params": {"epochs": 1000, "batch_size": 32, "patience": 20, "learning_rate": 0.0001}, "representation": {"name": "MFCC", "n_mfcc": 40, "n_fft": 2048, "hop_length": 512}}