{"dataset_dir": "spotify_120", "classes": 120, "segment_length": 4, "sample_rate": 24000, "augment_size": 5, "overlap_size": 0.5, "train_shape": [74892, 34, 188], "valid_shape": [12481, 34, 188], "test_shape": [12481, 34, 188], "train_time": 285.25865745544434, "scores": {"test_loss": 2.1448521614074707, "test_acc": 0.8088294267654419, "train_loss": 0.02175530046224594, "train_acc": 0.993003249168396, "valid_loss": 2.0319974422454834, "valid_acc": 0.8140373229980469}, "training_params": {"epochs": 1000, "batch_size": 32, "patience": 20, "learning_rate": 0.0001}, "representation": {"name": "MFCC", "n_mfcc": 34, "n_fft": 2048, "hop_length": 512}}