{"dataset_dir": "spotify_60", "classes": 60, "segment_length": 1, "sample_rate": 24000, "augment_size": 5, "overlap_size": 0.0, "train_shape": [80010, 26, 47], "valid_shape": [13334, 26, 47], "test_shape": [13335, 26, 47], "train_time": 849.5270001888275, "scores": {"test_loss": 1.6537439823150635, "test_acc": 0.742932140827179, "train_loss": 0.5850678086280823, "train_acc": 0.8180227279663086, "valid_loss": 1.6317963600158691, "valid_acc": 0.7427628636360168}, "training_params": {"epochs": 1000, "batch_size": 32, "patience": 20, "learning_rate": 0.0001}, "representation": {"name": "MFCC", "n_mfcc": 26, "n_fft": 2048, "hop_length": 512}}