{"dataset_dir": "spotify_60", "classes": 60, "segment_length": 2, "sample_rate": 24000, "augment_size": 5, "overlap_size": 0.0, "train_shape": [39912, 18, 94], "valid_shape": [6652, 18, 94], "test_shape": [6652, 18, 94], "train_time": 412.1417090892792, "scores": {"test_loss": 0.6274749636650085, "test_acc": 0.8895069360733032, "train_loss": 0.3150947093963623, "train_acc": 0.9015834927558899, "valid_loss": 0.6272883415222168, "valid_acc": 0.8878532648086548}, "training_params": {"epochs": 1000, "batch_size": 32, "patience": 20, "learning_rate": 0.0001}, "representation": {"name": "MFCC", "n_mfcc": 18, "n_fft": 2048, "hop_length": 512}}