{"dataset_dir": "spotify_60", "classes": 60, "segment_length": 3, "sample_rate": 24000, "augment_size": 5, "overlap_size": 0.5, "train_shape": [52896, 34, 141], "valid_shape": [8816, 34, 141], "test_shape": [8816, 34, 141], "train_time": 302.9724042415619, "scores": {"test_loss": 0.2561905086040497, "test_acc": 0.9521324634552002, "train_loss": 0.11570125818252563, "train_acc": 0.9627571105957031, "valid_loss": 0.22912271320819855, "valid_acc": 0.9546279311180115}, "training_params": {"epochs": 1000, "batch_size": 32, "patience": 20, "learning_rate": 0.0001}, "representation": {"name": "MFCC", "n_mfcc": 34, "n_fft": 2048, "hop_length": 512}}