{"dataset_dir": "spotify_20", "classes": 20, "segment_length": 1, "sample_rate": 24000, "augment_size": 5, "overlap_size": 0.0, "train_shape": [26802, 26, 47], "valid_shape": [4467, 26, 47], "test_shape": [4467, 26, 47], "scores": {"test_loss": 0.5131126046180725, "test_acc": 0.9095590114593506, "train_loss": 0.24271103739738464, "train_acc": 0.921013355255127, "valid_loss": 0.4988115429878235, "valid_acc": 0.9044101238250732}, "training_params": {"epochs": 1000, "batch_size": 32, "patience": 20, "learning_rate": 0.0001}, "representation": {"name": "MFCC", "n_mfcc": 26, "n_fft": 2048, "hop_length": 512}}