{"dataset_dir": "spotify_60", "classes": 60, "segment_length": 1, "sample_rate": 24000, "augment_size": 5, "overlap_size": 0.0, "train_shape": [80010, 40, 47], "valid_shape": [13334, 40, 47], "test_shape": [13335, 40, 47], "train_time": 689.0889916419983, "scores": {"test_loss": 1.5682506561279297, "test_acc": 0.7885264158248901, "train_loss": 0.3857975900173187, "train_acc": 0.8780777454376221, "valid_loss": 1.5123329162597656, "valid_acc": 0.7921103835105896}, "training_params": {"epochs": 1000, "batch_size": 32, "patience": 20, "learning_rate": 0.0001}, "representation": {"name": "MFCC", "n_mfcc": 40, "n_fft": 2048, "hop_length": 512}}