{"dataset_dir": "spotify_20", "classes": 20, "segment_length": 2, "sample_rate": 24000, "augment_size": 5, "overlap_size": 0.5, "train_shape": [26682, 26, 94], "valid_shape": [4447, 26, 94], "test_shape": [4447, 26, 94], "scores": {"test_loss": 0.30042925477027893, "test_acc": 0.9494041204452515, "train_loss": 0.13115042448043823, "train_acc": 0.9572745561599731, "valid_loss": 0.31068548560142517, "valid_acc": 0.9469305276870728}, "training_params": {"epochs": 1000, "batch_size": 32, "patience": 20, "learning_rate": 0.0001}, "representation": {"name": "MFCC", "n_mfcc": 26, "n_fft": 2048, "hop_length": 512}}