{"dataset_dir": "spotify_60", "classes": 60, "segment_length": 1, "sample_rate": 24000, "augment_size": 5, "overlap_size": 0.5, "train_shape": [159804, 26, 47], "valid_shape": [26634, 26, 47], "test_shape": [26630, 26, 47], "train_time": 1130.0870394706726, "scores": {"test_loss": 1.849290370941162, "test_acc": 0.6900863647460938, "train_loss": 0.796014130115509, "train_acc": 0.7544617056846619, "valid_loss": 1.7986193895339966, "valid_acc": 0.6958398818969727}, "training_params": {"epochs": 1000, "batch_size": 32, "patience": 20, "learning_rate": 0.0001}, "representation": {"name": "MFCC", "n_mfcc": 26, "n_fft": 2048, "hop_length": 512}}