{"dataset_dir": "spotify_20", "classes": 20, "segment_length": 5, "sample_rate": 24000, "augment_size": 5, "overlap_size": 0.5, "train_shape": [10560, 40, 235], "valid_shape": [1760, 40, 235], "test_shape": [1760, 40, 235], "scores": {"test_loss": 0.1052783951163292, "test_acc": 0.9846590757369995, "train_loss": 0.036277271807193756, "train_acc": 0.9884469509124756, "valid_loss": 0.10816358029842377, "valid_acc": 0.9789772629737854}, "training_params": {"epochs": 1000, "batch_size": 32, "patience": 20, "learning_rate": 0.0001}, "representation": {"name": "MFCC", "n_mfcc": 40, "n_fft": 2048, "hop_length": 512}}