{"dataset_dir": "spotify_20", "classes": 20, "segment_length": 3, "sample_rate": 24000, "augment_size": 5, "overlap_size": 0.5, "train_shape": [17724, 34, 141], "valid_shape": [2954, 34, 141], "test_shape": [2954, 34, 141], "scores": {"test_loss": 0.076284259557724, "test_acc": 0.98476642370224, "train_loss": 0.043999724090099335, "train_acc": 0.9849357008934021, "valid_loss": 0.08792431652545929, "valid_acc": 0.9810426831245422}, "training_params": {"epochs": 1000, "batch_size": 32, "patience": 20, "learning_rate": 0.0001}, "representation": {"name": "MFCC", "n_mfcc": 34, "n_fft": 2048, "hop_length": 512}}