{"dataset_dir": "spotify_60", "classes": 60, "segment_length": 1, "sample_rate": 24000, "augment_size": 5, "overlap_size": 0.5, "train_shape": [159804, 18, 47], "valid_shape": [26634, 18, 47], "test_shape": [26630, 18, 47], "train_time": 1474.558681488037, "scores": {"test_loss": 2.0359625816345215, "test_acc": 0.6224934458732605, "train_loss": 0.975354790687561, "train_acc": 0.7004705667495728, "valid_loss": 1.979062557220459, "valid_acc": 0.6292708516120911}, "training_params": {"epochs": 1000, "batch_size": 32, "patience": 20, "learning_rate": 0.0001}, "representation": {"name": "MFCC", "n_mfcc": 18, "n_fft": 2048, "hop_length": 512}}