{"dataset_dir": "spotify_20", "classes": 20, "segment_length": 4, "sample_rate": 24000, "augment_size": 5, "overlap_size": 0.0, "train_shape": [6666, 34, 188], "valid_shape": [1111, 34, 188], "test_shape": [1111, 34, 188], "scores": {"test_loss": 0.030430633574724197, "test_acc": 0.9909991025924683, "train_loss": 0.03621900826692581, "train_acc": 0.9887488484382629, "valid_loss": 0.037764772772789, "valid_acc": 0.9918991923332214}, "training_params": {"epochs": 1000, "batch_size": 32, "patience": 20, "learning_rate": 0.0001}, "representation": {"name": "MFCC", "n_mfcc": 34, "n_fft": 2048, "hop_length": 512}}