{"dataset_dir": "spotify_20", "classes": 20, "segment_length": 2, "sample_rate": 24000, "augment_size": 5, "overlap_size": 0.0, "train_shape": [13368, 18, 94], "valid_shape": [2228, 18, 94], "test_shape": [2228, 18, 94], "scores": {"test_loss": 0.3598315715789795, "test_acc": 0.931328535079956, "train_loss": 0.14563576877117157, "train_acc": 0.9512268304824829, "valid_loss": 0.29548388719558716, "valid_acc": 0.9452423453330994}, "training_params": {"epochs": 1000, "batch_size": 32, "patience": 20, "learning_rate": 0.0001}, "representation": {"name": "MFCC", "n_mfcc": 18, "n_fft": 2048, "hop_length": 512}}