{"dataset_dir": "spotify_120", "classes": 120, "segment_length": 5, "sample_rate": 24000, "augment_size": 5, "overlap_size": 0.5, "train_shape": [59700, 34, 235], "valid_shape": [9950, 34, 235], "test_shape": [9950, 34, 235], "train_time": 208.3817970752716, "scores": {"test_loss": 2.004485845565796, "test_acc": 0.8120602965354919, "train_loss": 0.02010156214237213, "train_acc": 0.993634819984436, "valid_loss": 1.9701879024505615, "valid_acc": 0.8132663369178772}, "training_params": {"epochs": 1000, "batch_size": 32, "patience": 20, "learning_rate": 0.0001}, "representation": {"name": "MFCC", "n_mfcc": 34, "n_fft": 2048, "hop_length": 512}}