{"dataset_dir": "spotify_20", "classes": 20, "segment_length": 4, "sample_rate": 24000, "augment_size": 5, "overlap_size": 0.5, "train_shape": [13248, 40, 188], "valid_shape": [2208, 40, 188], "test_shape": [2208, 40, 188], "scores": {"test_loss": 0.03370596840977669, "test_acc": 0.9882246255874634, "train_loss": 0.045285504311323166, "train_acc": 0.9844504594802856, "valid_loss": 0.03842933848500252, "valid_acc": 0.989130437374115}, "training_params": {"epochs": 1000, "batch_size": 32, "patience": 20, "learning_rate": 0.0001}, "representation": {"name": "MFCC", "n_mfcc": 40, "n_fft": 2048, "hop_length": 512}}