{"dataset_dir": "spotify_120", "classes": 120, "segment_length": 2, "sample_rate": 24000, "augment_size": 5, "overlap_size": 0.0, "train_shape": [75612, 18, 94], "valid_shape": [12601, 18, 94], "test_shape": [12602, 18, 94], "train_time": 697.0251474380493, "scores": {"test_loss": 2.3014519214630127, "test_acc": 0.7901920080184937, "train_loss": 0.09256011247634888, "train_acc": 0.9711289405822754, "valid_loss": 2.3455822467803955, "valid_acc": 0.7877152562141418}, "training_params": {"epochs": 1000, "batch_size": 32, "patience": 20, "learning_rate": 0.0001}, "representation": {"name": "MFCC", "n_mfcc": 18, "n_fft": 2048, "hop_length": 512}}