{"dataset_dir": "spotify_60", "classes": 60, "segment_length": 5, "sample_rate": 24000, "augment_size": 5, "overlap_size": 0.0, "train_shape": [15870, 34, 235], "valid_shape": [2645, 34, 235], "test_shape": [2645, 34, 235], "train_time": 77.9361138343811, "scores": {"test_loss": 0.044831275939941406, "test_acc": 0.9871455430984497, "train_loss": 0.049881186336278915, "train_acc": 0.9836798906326294, "valid_loss": 0.07051579654216766, "valid_acc": 0.9826086759567261}, "training_params": {"epochs": 1000, "batch_size": 32, "patience": 20, "learning_rate": 0.0001}, "representation": {"name": "MFCC", "n_mfcc": 34, "n_fft": 2048, "hop_length": 512}}