{"dataset_dir": "spotify_120", "classes": 120, "segment_length": 4, "sample_rate": 24000, "augment_size": 5, "overlap_size": 0.0, "train_shape": [37638, 26, 188], "valid_shape": [6273, 26, 188], "test_shape": [6273, 26, 188], "train_time": 152.35091757774353, "scores": {"test_loss": 1.8006961345672607, "test_acc": 0.8144428730010986, "train_loss": 0.024745462462306023, "train_acc": 0.9923216104507446, "valid_loss": 1.791496992111206, "valid_acc": 0.8144428730010986}, "training_params": {"epochs": 1000, "batch_size": 32, "patience": 20, "learning_rate": 0.0001}, "representation": {"name": "MFCC", "n_mfcc": 26, "n_fft": 2048, "hop_length": 512}}