{"dataset_dir": "spotify_20", "classes": 20, "segment_length": 1, "sample_rate": 24000, "augment_size": 5, "overlap_size": 0.5, "train_shape": [53532, 40, 47], "valid_shape": [8922, 40, 47], "test_shape": [8922, 40, 47], "scores": {"test_loss": 0.3414725959300995, "test_acc": 0.9472091197967529, "train_loss": 0.19076305627822876, "train_acc": 0.936150312423706, "valid_loss": 0.32986530661582947, "valid_acc": 0.9479936957359314}, "training_params": {"epochs": 1000, "batch_size": 32, "patience": 20, "learning_rate": 0.0001}, "representation": {"name": "MFCC", "n_mfcc": 40, "n_fft": 2048, "hop_length": 512}}