{"dataset_dir": "spotify_20", "classes": 20, "segment_length": 4, "sample_rate": 24000, "augment_size": 5, "overlap_size": 0.5, "train_shape": [13248, 18, 188], "valid_shape": [2208, 18, 188], "test_shape": [2208, 18, 188], "scores": {"test_loss": 0.2642803192138672, "test_acc": 0.9479166865348816, "train_loss": 0.08758902549743652, "train_acc": 0.9723731875419617, "valid_loss": 0.2919706404209137, "valid_acc": 0.9411231875419617}, "training_params": {"epochs": 1000, "batch_size": 32, "patience": 20, "learning_rate": 0.0001}, "representation": {"name": "MFCC", "n_mfcc": 18, "n_fft": 2048, "hop_length": 512}}