{"dataset_dir": "spotify_60", "classes": 60, "segment_length": 3, "sample_rate": 24000, "augment_size": 5, "overlap_size": 0.5, "train_shape": [52896, 18, 141], "valid_shape": [8816, 18, 141], "test_shape": [8816, 18, 141], "train_time": 511.2405757904053, "scores": {"test_loss": 0.6834326982498169, "test_acc": 0.8883847594261169, "train_loss": 0.2338089942932129, "train_acc": 0.9245311617851257, "valid_loss": 0.6455751657485962, "valid_acc": 0.8892921805381775}, "training_params": {"epochs": 1000, "batch_size": 32, "patience": 20, "learning_rate": 0.0001}, "representation": {"name": "MFCC", "n_mfcc": 18, "n_fft": 2048, "hop_length": 512}}