{"dataset_dir": "spotify_20", "classes": 20, "segment_length": 2, "sample_rate": 24000, "augment_size": 5, "overlap_size": 0.0, "train_shape": [13368, 26, 94], "valid_shape": [2228, 26, 94], "test_shape": [2228, 26, 94], "scores": {"test_loss": 0.15397804975509644, "test_acc": 0.9654398560523987, "train_loss": 0.10765598714351654, "train_acc": 0.9638689160346985, "valid_loss": 0.12106184661388397, "valid_acc": 0.9712746739387512}, "training_params": {"epochs": 1000, "batch_size": 32, "patience": 20, "learning_rate": 0.0001}, "representation": {"name": "MFCC", "n_mfcc": 26, "n_fft": 2048, "hop_length": 512}}