{"dataset_dir": "spotify_20", "classes": 20, "segment_length": 4, "sample_rate": 24000, "augment_size": 5, "overlap_size": 0.5, "train_shape": [13248, 34, 188], "valid_shape": [2208, 34, 188], "test_shape": [2208, 34, 188], "scores": {"test_loss": 0.05839709937572479, "test_acc": 0.9850543737411499, "train_loss": 0.04791494831442833, "train_acc": 0.9837711453437805, "valid_loss": 0.08771947026252747, "valid_acc": 0.98097825050354}, "training_params": {"epochs": 1000, "batch_size": 32, "patience": 20, "learning_rate": 0.0001}, "representation": {"name": "MFCC", "n_mfcc": 34, "n_fft": 2048, "hop_length": 512}}