{"dataset_dir": "spotify_20", "classes": 20, "segment_length": 4, "sample_rate": 24000, "augment_size": 5, "overlap_size": 0.0, "train_shape": [6666, 26, 188], "valid_shape": [1111, 26, 188], "test_shape": [1111, 26, 188], "scores": {"test_loss": 0.08976536989212036, "test_acc": 0.9765976667404175, "train_loss": 0.07323618233203888, "train_acc": 0.9762976169586182, "valid_loss": 0.09884314984083176, "valid_acc": 0.9810981154441833}, "training_params": {"epochs": 1000, "batch_size": 32, "patience": 20, "learning_rate": 0.0001}, "representation": {"name": "MFCC", "n_mfcc": 26, "n_fft": 2048, "hop_length": 512}}