{"dataset_dir": "spotify_20", "classes": 20, "segment_length": 1, "sample_rate": 24000, "augment_size": 5, "overlap_size": 0.0, "train_shape": [26802, 18, 47], "valid_shape": [4467, 18, 47], "test_shape": [4467, 18, 47], "scores": {"test_loss": 0.6435650587081909, "test_acc": 0.8538168668746948, "train_loss": 0.4445045590400696, "train_acc": 0.8503469824790955, "valid_loss": 0.661195695400238, "valid_acc": 0.8580703139305115}, "training_params": {"epochs": 1000, "batch_size": 32, "patience": 20, "learning_rate": 0.0001}, "representation": {"name": "MFCC", "n_mfcc": 18, "n_fft": 2048, "hop_length": 512}}