{"dataset_dir": "spotify_60", "classes": 60, "segment_length": 4, "sample_rate": 24000, "augment_size": 5, "overlap_size": 0.0, "train_shape": [19866, 34, 188], "valid_shape": [3311, 34, 188], "test_shape": [3311, 34, 188], "train_time": 128.15161800384521, "scores": {"test_loss": 0.07239983230829239, "test_acc": 0.9800664186477661, "train_loss": 0.04522483050823212, "train_acc": 0.9844458103179932, "valid_loss": 0.06384684890508652, "valid_acc": 0.9836907386779785}, "training_params": {"epochs": 1000, "batch_size": 32, "patience": 20, "learning_rate": 0.0001}, "representation": {"name": "MFCC", "n_mfcc": 34, "n_fft": 2048, "hop_length": 512}}