{"dataset_dir": "spotify_60", "classes": 60, "segment_length": 5, "sample_rate": 24000, "augment_size": 5, "overlap_size": 0.0, "train_shape": [15870, 26, 235], "valid_shape": [2645, 26, 235], "test_shape": [2645, 26, 235], "train_time": 85.24005198478699, "scores": {"test_loss": 0.10158492624759674, "test_acc": 0.9739130139350891, "train_loss": 0.06042246147990227, "train_acc": 0.9804663062095642, "valid_loss": 0.12396660447120667, "valid_acc": 0.9701323509216309}, "training_params": {"epochs": 1000, "batch_size": 32, "patience": 20, "learning_rate": 0.0001}, "representation": {"name": "MFCC", "n_mfcc": 26, "n_fft": 2048, "hop_length": 512}}