{"dataset_dir": "spotify_120", "classes": 120, "segment_length": 3, "sample_rate": 24000, "augment_size": 5, "overlap_size": 0.0, "train_shape": [50304, 26, 141], "valid_shape": [8384, 26, 141], "test_shape": [8383, 26, 141], "train_time": 230.08695936203003, "scores": {"test_loss": 2.0615427494049072, "test_acc": 0.8135512471199036, "train_loss": 0.027415189892053604, "train_acc": 0.9911935329437256, "valid_loss": 2.0024619102478027, "valid_acc": 0.8158397078514099}, "training_params": {"epochs": 1000, "batch_size": 32, "patience": 20, "learning_rate": 0.0001}, "representation": {"name": "MFCC", "n_mfcc": 26, "n_fft": 2048, "hop_length": 512}}