{"dataset_dir": "spotify_20", "classes": 20, "segment_length": 3, "sample_rate": 24000, "augment_size": 5, "overlap_size": 0.5, "train_shape": [17724, 40, 141], "valid_shape": [2954, 40, 141], "test_shape": [2954, 40, 141], "scores": {"test_loss": 0.06984613090753555, "test_acc": 0.986797571182251, "train_loss": 0.04149691015481949, "train_acc": 0.9865719079971313, "valid_loss": 0.08743174374103546, "valid_acc": 0.9840893745422363}, "training_params": {"epochs": 1000, "batch_size": 32, "patience": 20, "learning_rate": 0.0001}, "representation": {"name": "MFCC", "n_mfcc": 40, "n_fft": 2048, "hop_length": 512}}