{"dataset_dir": "spotify_60", "classes": 60, "segment_length": 2, "sample_rate": 24000, "augment_size": 5, "overlap_size": 0.5, "train_shape": [79650, 26, 94], "valid_shape": [13275, 26, 94], "test_shape": [13275, 26, 94], "train_time": 643.3544840812683, "scores": {"test_loss": 1.634372591972351, "test_acc": 0.7809416055679321, "train_loss": 0.30403101444244385, "train_acc": 0.9031763672828674, "valid_loss": 1.6305595636367798, "valid_acc": 0.7794350385665894}, "training_params": {"epochs": 1000, "batch_size": 32, "patience": 20, "learning_rate": 0.0001}, "representation": {"name": "MFCC", "n_mfcc": 26, "n_fft": 2048, "hop_length": 512}}