{"dataset_dir": "spotify_20", "classes": 20, "segment_length": 3, "sample_rate": 24000, "augment_size": 5, "overlap_size": 0.0, "train_shape": [8904, 40, 141], "valid_shape": [1484, 40, 141], "test_shape": [1484, 40, 141], "scores": {"test_loss": 0.03126967325806618, "test_acc": 0.9912399053573608, "train_loss": 0.03565245494246483, "train_acc": 0.9885444641113281, "valid_loss": 0.030293487012386322, "valid_acc": 0.9919137358665466}, "training_params": {"epochs": 1000, "batch_size": 32, "patience": 20, "learning_rate": 0.0001}, "representation": {"name": "MFCC", "n_mfcc": 40, "n_fft": 2048, "hop_length": 512}}