{"dataset_dir": "spotify_20", "classes": 20, "segment_length": 3, "sample_rate": 24000, "augment_size": 5, "overlap_size": 0.0, "train_shape": [8904, 26, 141], "valid_shape": [1484, 26, 141], "test_shape": [1484, 26, 141], "scores": {"test_loss": 0.06801299750804901, "test_acc": 0.9824798107147217, "train_loss": 0.040151335299015045, "train_acc": 0.9876459836959839, "valid_loss": 0.0614953450858593, "valid_acc": 0.9858490824699402}, "training_params": {"epochs": 1000, "batch_size": 32, "patience": 20, "learning_rate": 0.0001}, "representation": {"name": "MFCC", "n_mfcc": 26, "n_fft": 2048, "hop_length": 512}}