{"dataset_dir": "spotify_20", "classes": 20, "segment_length": 1, "sample_rate": 24000, "augment_size": 5, "overlap_size": 0.0, "train_shape": [26802, 34, 47], "valid_shape": [4467, 34, 47], "test_shape": [4467, 34, 47], "scores": {"test_loss": 0.37392687797546387, "test_acc": 0.9426908493041992, "train_loss": 0.1547795832157135, "train_acc": 0.9492948055267334, "valid_loss": 0.3668735921382904, "valid_acc": 0.9451533555984497}, "training_params": {"epochs": 1000, "batch_size": 32, "patience": 20, "learning_rate": 0.0001}, "representation": {"name": "MFCC", "n_mfcc": 34, "n_fft": 2048, "hop_length": 512}}