{"dataset_dir": "spotify_20", "classes": 20, "segment_length": 5, "sample_rate": 24000, "augment_size": 5, "overlap_size": 0.0, "train_shape": [5316, 18, 235], "valid_shape": [886, 18, 235], "test_shape": [886, 18, 235], "scores": {"test_loss": 0.11708910018205643, "test_acc": 0.9672686457633972, "train_loss": 0.09000745415687561, "train_acc": 0.9710308313369751, "valid_loss": 0.07727525383234024, "valid_acc": 0.9796839952468872}, "training_params": {"epochs": 1000, "batch_size": 32, "patience": 20, "learning_rate": 0.0001}, "representation": {"name": "MFCC", "n_mfcc": 18, "n_fft": 2048, "hop_length": 512}}