{"dataset_dir": "spotify_120", "classes": 120, "segment_length": 3, "sample_rate": 24000, "augment_size": 5, "overlap_size": 0.5, "train_shape": [100242, 40, 141], "valid_shape": [16707, 40, 141], "test_shape": [16707, 40, 141], "train_time": 404.5558874607086, "scores": {"test_loss": 2.1401922702789307, "test_acc": 0.8063087463378906, "train_loss": 0.030597684904932976, "train_acc": 0.9907025098800659, "valid_loss": 2.05963134765625, "valid_acc": 0.8085831999778748}, "training_params": {"epochs": 1000, "batch_size": 32, "patience": 20, "learning_rate": 0.0001}, "representation": {"name": "MFCC", "n_mfcc": 40, "n_fft": 2048, "hop_length": 512}}