{"dataset_dir": "spotify_20", "classes": 20, "segment_length": 2, "sample_rate": 24000, "augment_size": 5, "overlap_size": 0.5, "train_shape": [26682, 40, 94], "valid_shape": [4447, 40, 94], "test_shape": [4447, 40, 94], "scores": {"test_loss": 0.12744459509849548, "test_acc": 0.9781875610351562, "train_loss": 0.06309659779071808, "train_acc": 0.9789370894432068, "valid_loss": 0.12534591555595398, "valid_acc": 0.9779626727104187}, "training_params": {"epochs": 1000, "batch_size": 32, "patience": 20, "learning_rate": 0.0001}, "representation": {"name": "MFCC", "n_mfcc": 40, "n_fft": 2048, "hop_length": 512}}