{"dataset_dir": "spotify_120", "classes": 120, "segment_length": 5, "sample_rate": 24000, "augment_size": 5, "overlap_size": 0.0, "train_shape": [30060, 18, 235], "valid_shape": [5010, 18, 235], "test_shape": [5010, 18, 235], "train_time": 125.53509569168091, "scores": {"test_loss": 1.9461960792541504, "test_acc": 0.8071856498718262, "train_loss": 0.030305983498692513, "train_acc": 0.9902528524398804, "valid_loss": 1.8539201021194458, "valid_acc": 0.8071856498718262}, "training_params": {"epochs": 1000, "batch_size": 32, "patience": 20, "learning_rate": 0.0001}, "representation": {"name": "MFCC", "n_mfcc": 18, "n_fft": 2048, "hop_length": 512}}