{"dataset_dir": "spotify_120", "classes": 120, "segment_length": 2, "sample_rate": 24000, "augment_size": 5, "overlap_size": 0.0, "train_shape": [75612, 40, 94], "valid_shape": [12601, 40, 94], "test_shape": [12602, 40, 94], "train_time": 384.99445056915283, "scores": {"test_loss": 1.9374988079071045, "test_acc": 0.8124901056289673, "train_loss": 0.03298689424991608, "train_acc": 0.9899222254753113, "valid_loss": 1.9580533504486084, "valid_acc": 0.8096182942390442}, "training_params": {"epochs": 1000, "batch_size": 32, "patience": 20, "learning_rate": 0.0001}, "representation": {"name": "MFCC", "n_mfcc": 40, "n_fft": 2048, "hop_length": 512}}