{"dataset_dir": "spotify_20", "classes": 20, "segment_length": 1, "sample_rate": 24000, "augment_size": 5, "overlap_size": 0.5, "train_shape": [53532, 34, 47], "valid_shape": [8922, 34, 47], "test_shape": [8922, 34, 47], "scores": {"test_loss": 0.39296913146972656, "test_acc": 0.9323021769523621, "train_loss": 0.25137799978256226, "train_acc": 0.9154711365699768, "valid_loss": 0.4066489636898041, "valid_acc": 0.9283792972564697}, "training_params": {"epochs": 1000, "batch_size": 32, "patience": 20, "learning_rate": 0.0001}, "representation": {"name": "MFCC", "n_mfcc": 34, "n_fft": 2048, "hop_length": 512}}