{"dataset_dir": "spotify_20", "classes": 20, "segment_length": 5, "sample_rate": 24000, "augment_size": 5, "overlap_size": 0.0, "train_shape": [5316, 34, 235], "valid_shape": [886, 34, 235], "test_shape": [886, 34, 235], "scores": {"test_loss": 0.02298451028764248, "test_acc": 0.9909706711769104, "train_loss": 0.04027743265032768, "train_acc": 0.9881489872932434, "valid_loss": 0.011790450662374496, "valid_acc": 0.9966139793395996}, "training_params": {"epochs": 1000, "batch_size": 32, "patience": 20, "learning_rate": 0.0001}, "representation": {"name": "MFCC", "n_mfcc": 34, "n_fft": 2048, "hop_length": 512}}