{"dataset_dir": "spotify_60", "classes": 60, "segment_length": 1, "sample_rate": 24000, "augment_size": 5, "overlap_size": 0.5, "train_shape": [159804, 40, 47], "valid_shape": [26634, 40, 47], "test_shape": [26630, 40, 47], "train_time": 1582.6759555339813, "scores": {"test_loss": 1.668336033821106, "test_acc": 0.7552384734153748, "train_loss": 0.5186547636985779, "train_acc": 0.8367750644683838, "valid_loss": 1.62497878074646, "valid_acc": 0.7616580128669739}, "training_params": {"epochs": 1000, "batch_size": 32, "patience": 20, "learning_rate": 0.0001}, "representation": {"name": "MFCC", "n_mfcc": 40, "n_fft": 2048, "hop_length": 512}}