{"dataset_dir": "spotify_20", "classes": 20, "segment_length": 5, "sample_rate": 24000, "augment_size": 5, "overlap_size": 0.5, "train_shape": [10560, 34, 235], "valid_shape": [1760, 34, 235], "test_shape": [1760, 34, 235], "scores": {"test_loss": 0.13619361817836761, "test_acc": 0.96875, "train_loss": 0.033286202698946, "train_acc": 0.9886363744735718, "valid_loss": 0.12563152611255646, "valid_acc": 0.9732954502105713}, "training_params": {"epochs": 1000, "batch_size": 32, "patience": 20, "learning_rate": 0.0001}, "representation": {"name": "MFCC", "n_mfcc": 34, "n_fft": 2048, "hop_length": 512}}