{"dataset_dir": "spotify_120", "classes": 120, "segment_length": 4, "sample_rate": 24000, "augment_size": 5, "overlap_size": 0.5, "train_shape": [74892, 18, 188], "valid_shape": [12481, 18, 188], "test_shape": [12481, 18, 188], "train_time": 412.4397430419922, "scores": {"test_loss": 2.366826057434082, "test_acc": 0.7975322604179382, "train_loss": 0.05169655382633209, "train_acc": 0.9839769005775452, "valid_loss": 2.2196834087371826, "valid_acc": 0.8057848215103149}, "training_params": {"epochs": 1000, "batch_size": 32, "patience": 20, "learning_rate": 0.0001}, "representation": {"name": "MFCC", "n_mfcc": 18, "n_fft": 2048, "hop_length": 512}}