{"dataset_dir": "spotify_120", "classes": 120, "segment_length": 5, "sample_rate": 24000, "augment_size": 5, "overlap_size": 0.5, "train_shape": [59700, 26, 235], "valid_shape": [9950, 26, 235], "test_shape": [9950, 26, 235], "train_time": 189.56155061721802, "scores": {"test_loss": 2.1088168621063232, "test_acc": 0.8063316345214844, "train_loss": 0.032197289168834686, "train_acc": 0.9898995161056519, "valid_loss": 2.0525436401367188, "valid_acc": 0.8087437152862549}, "training_params": {"epochs": 1000, "batch_size": 32, "patience": 20, "learning_rate": 0.0001}, "representation": {"name": "MFCC", "n_mfcc": 26, "n_fft": 2048, "hop_length": 512}}