{"dataset_dir": "spotify_120", "classes": 120, "segment_length": 2, "sample_rate": 24000, "augment_size": 5, "overlap_size": 0.0, "train_shape": [75612, 34, 94], "valid_shape": [12601, 34, 94], "test_shape": [12602, 34, 94], "train_time": 419.93814611434937, "scores": {"test_loss": 1.9994690418243408, "test_acc": 0.8136803507804871, "train_loss": 0.034834716469049454, "train_acc": 0.9888113141059875, "valid_loss": 1.9945383071899414, "valid_acc": 0.8119196891784668}, "training_params": {"epochs": 1000, "batch_size": 32, "patience": 20, "learning_rate": 0.0001}, "representation": {"name": "MFCC", "n_mfcc": 34, "n_fft": 2048, "hop_length": 512}}