{"dataset_dir": "spotify_120", "classes": 120, "segment_length": 4, "sample_rate": 24000, "augment_size": 5, "overlap_size": 0.5, "train_shape": [74892, 40, 188], "valid_shape": [12481, 40, 188], "test_shape": [12481, 40, 188], "train_time": 239.94900012016296, "scores": {"test_loss": 1.8791143894195557, "test_acc": 0.8078679442405701, "train_loss": 0.021987687796354294, "train_acc": 0.9933237433433533, "valid_loss": 1.7943378686904907, "valid_acc": 0.816440999507904}, "training_params": {"epochs": 1000, "batch_size": 32, "patience": 20, "learning_rate": 0.0001}, "representation": {"name": "MFCC", "n_mfcc": 40, "n_fft": 2048, "hop_length": 512}}