{"dataset_dir": "spotify_120", "classes": 120, "segment_length": 5, "sample_rate": 24000, "augment_size": 5, "overlap_size": 0.0, "train_shape": [30060, 26, 235], "valid_shape": [5010, 26, 235], "test_shape": [5010, 26, 235], "train_time": 87.23418116569519, "scores": {"test_loss": 1.6055420637130737, "test_acc": 0.8089820146560669, "train_loss": 0.020894993096590042, "train_acc": 0.9937126040458679, "valid_loss": 1.5920588970184326, "valid_acc": 0.8109780550003052}, "training_params": {"epochs": 1000, "batch_size": 32, "patience": 20, "learning_rate": 0.0001}, "representation": {"name": "MFCC", "n_mfcc": 26, "n_fft": 2048, "hop_length": 512}}