{"dataset_dir": "spotify_60", "classes": 60, "segment_length": 5, "sample_rate": 24000, "augment_size": 5, "overlap_size": 0.5, "train_shape": [31530, 34, 235], "valid_shape": [5255, 34, 235], "test_shape": [5255, 34, 235], "train_time": 176.5519723892212, "scores": {"test_loss": 0.1421491652727127, "test_acc": 0.9676498770713806, "train_loss": 0.068117655813694, "train_acc": 0.9777355194091797, "valid_loss": 0.13489657640457153, "valid_acc": 0.9674595594406128}, "training_params": {"epochs": 1000, "batch_size": 32, "patience": 20, "learning_rate": 0.0001}, "representation": {"name": "MFCC", "n_mfcc": 34, "n_fft": 2048, "hop_length": 512}}