{"dataset_dir": "spotify_60", "classes": 60, "segment_length": 3, "sample_rate": 24000, "augment_size": 5, "overlap_size": 0.0, "train_shape": [26556, 26, 141], "valid_shape": [4426, 26, 141], "test_shape": [4426, 26, 141], "train_time": 171.63953185081482, "scores": {"test_loss": 0.1582058072090149, "test_acc": 0.9649796485900879, "train_loss": 0.10903029143810272, "train_acc": 0.9647160768508911, "valid_loss": 0.15389952063560486, "valid_acc": 0.9672390222549438}, "training_params": {"epochs": 1000, "batch_size": 32, "patience": 20, "learning_rate": 0.0001}, "representation": {"name": "MFCC", "n_mfcc": 26, "n_fft": 2048, "hop_length": 512}}