{"dataset_dir": "spotify_120", "classes": 120, "segment_length": 3, "sample_rate": 24000, "augment_size": 5, "overlap_size": 0.0, "train_shape": [50304, 40, 141], "valid_shape": [8384, 40, 141], "test_shape": [8383, 40, 141], "train_time": 120.17593598365784, "scores": {"test_loss": 1.5307693481445312, "test_acc": 0.8224979043006897, "train_loss": 0.022195108234882355, "train_acc": 0.9928236603736877, "valid_loss": 1.4934123754501343, "valid_acc": 0.8221612572669983}, "training_params": {"epochs": 1000, "batch_size": 32, "patience": 20, "learning_rate": 0.0001}, "representation": {"name": "MFCC", "n_mfcc": 40, "n_fft": 2048, "hop_length": 512}}