{"dataset_dir": "spotify_120", "classes": 120, "segment_length": 3, "sample_rate": 24000, "augment_size": 5, "overlap_size": 0.5, "train_shape": [100242, 26, 141], "valid_shape": [16707, 26, 141], "test_shape": [16707, 26, 141], "train_time": 648.6695401668549, "scores": {"test_loss": 2.5450987815856934, "test_acc": 0.7966122031211853, "train_loss": 0.04150320962071419, "train_acc": 0.9871610999107361, "valid_loss": 2.4294493198394775, "valid_acc": 0.8011013269424438}, "training_params": {"epochs": 1000, "batch_size": 32, "patience": 20, "learning_rate": 0.0001}, "representation": {"name": "MFCC", "n_mfcc": 26, "n_fft": 2048, "hop_length": 512}}