{"dataset_dir": "spotify_20", "classes": 20, "segment_length": 1, "sample_rate": 24000, "augment_size": 5, "overlap_size": 0.5, "train_shape": [53532, 18, 47], "valid_shape": [8922, 18, 47], "test_shape": [8922, 18, 47], "scores": {"test_loss": 0.8634323477745056, "test_acc": 0.8336696028709412, "train_loss": 0.523429811000824, "train_acc": 0.8238810300827026, "valid_loss": 0.8739854097366333, "valid_acc": 0.8300829529762268}, "training_params": {"epochs": 1000, "batch_size": 32, "patience": 20, "learning_rate": 0.0001}, "representation": {"name": "MFCC", "n_mfcc": 18, "n_fft": 2048, "hop_length": 512}}