{"dataset_dir": "spotify_60", "classes": 60, "segment_length": 5, "sample_rate": 24000, "augment_size": 5, "overlap_size": 0.0, "train_shape": [15870, 18, 235], "valid_shape": [2645, 18, 235], "test_shape": [2645, 18, 235], "train_time": 115.75619435310364, "scores": {"test_loss": 0.2014676332473755, "test_acc": 0.9557656049728394, "train_loss": 0.09228450059890747, "train_acc": 0.9691871404647827, "valid_loss": 0.23464375734329224, "valid_acc": 0.9587901830673218}, "training_params": {"epochs": 1000, "batch_size": 32, "patience": 20, "learning_rate": 0.0001}, "representation": {"name": "MFCC", "n_mfcc": 18, "n_fft": 2048, "hop_length": 512}}