{"dataset_dir": "spotify_120", "classes": 120, "segment_length": 2, "sample_rate": 24000, "augment_size": 5, "overlap_size": 0.5, "train_shape": [150912, 40, 94], "valid_shape": [25151, 40, 94], "test_shape": [25152, 40, 94], "train_time": 651.9806275367737, "scores": {"test_loss": 2.0325124263763428, "test_acc": 0.8014472126960754, "train_loss": 0.05191969871520996, "train_acc": 0.9842093586921692, "valid_loss": 2.0555574893951416, "valid_acc": 0.8019164204597473}, "training_params": {"epochs": 1000, "batch_size": 32, "patience": 20, "learning_rate": 0.0001}, "representation": {"name": "MFCC", "n_mfcc": 40, "n_fft": 2048, "hop_length": 512}}