{"dataset_dir": "spotify_60", "classes": 60, "segment_length": 3, "sample_rate": 24000, "augment_size": 5, "overlap_size": 0.0, "train_shape": [26556, 40, 141], "valid_shape": [4426, 40, 141], "test_shape": [4426, 40, 141], "train_time": 110.75311255455017, "scores": {"test_loss": 0.06837073713541031, "test_acc": 0.9812471866607666, "train_loss": 0.08219470083713531, "train_acc": 0.973828911781311, "valid_loss": 0.06516683101654053, "valid_acc": 0.9826027750968933}, "training_params": {"epochs": 1000, "batch_size": 32, "patience": 20, "learning_rate": 0.0001}, "representation": {"name": "MFCC", "n_mfcc": 40, "n_fft": 2048, "hop_length": 512}}