{"dataset_dir": "spotify_120", "classes": 120, "segment_length": 3, "sample_rate": 24000, "augment_size": 5, "overlap_size": 0.5, "train_shape": [100242, 34, 141], "valid_shape": [16707, 34, 141], "test_shape": [16707, 34, 141], "train_time": 555.7343323230743, "scores": {"test_loss": 2.2508726119995117, "test_acc": 0.8055306077003479, "train_loss": 0.028162723407149315, "train_acc": 0.9913908243179321, "valid_loss": 2.196323871612549, "valid_acc": 0.8091219067573547}, "training_params": {"epochs": 1000, "batch_size": 32, "patience": 20, "learning_rate": 0.0001}, "representation": {"name": "MFCC", "n_mfcc": 34, "n_fft": 2048, "hop_length": 512}}