{"dataset_dir": "spotify_60", "classes": 60, "segment_length": 3, "sample_rate": 24000, "augment_size": 5, "overlap_size": 0.0, "train_shape": [26556, 18, 141], "valid_shape": [4426, 18, 141], "test_shape": [4426, 18, 141], "train_time": 267.8932247161865, "scores": {"test_loss": 0.4249270260334015, "test_acc": 0.9270221590995789, "train_loss": 0.14536748826503754, "train_acc": 0.9531179666519165, "valid_loss": 0.3950587511062622, "valid_acc": 0.9322187304496765}, "training_params": {"epochs": 1000, "batch_size": 32, "patience": 20, "learning_rate": 0.0001}, "representation": {"name": "MFCC", "n_mfcc": 18, "n_fft": 2048, "hop_length": 512}}