{"dataset_dir": "spotify_120", "classes": 120, "segment_length": 3, "sample_rate": 24000, "augment_size": 5, "overlap_size": 0.0, "train_shape": [50304, 34, 141], "valid_shape": [8384, 34, 141], "test_shape": [8383, 34, 141], "train_time": 156.71061420440674, "scores": {"test_loss": 1.6625595092773438, "test_acc": 0.820350706577301, "train_loss": 0.02478579804301262, "train_acc": 0.9920284748077393, "valid_loss": 1.6501103639602661, "valid_acc": 0.8189408183097839}, "training_params": {"epochs": 1000, "batch_size": 32, "patience": 20, "learning_rate": 0.0001}, "representation": {"name": "MFCC", "n_mfcc": 34, "n_fft": 2048, "hop_length": 512}}