{"dataset_dir": "spotify_20", "classes": 20, "segment_length": 2, "sample_rate": 24000, "augment_size": 5, "overlap_size": 0.5, "train_shape": [26682, 18, 94], "valid_shape": [4447, 18, 94], "test_shape": [4447, 18, 94], "scores": {"test_loss": 0.4874202013015747, "test_acc": 0.9125252962112427, "train_loss": 0.19663973152637482, "train_acc": 0.9346376061439514, "valid_loss": 0.5215445756912231, "valid_acc": 0.9066786766052246}, "training_params": {"epochs": 1000, "batch_size": 32, "patience": 20, "learning_rate": 0.0001}, "representation": {"name": "MFCC", "n_mfcc": 18, "n_fft": 2048, "hop_length": 512}}