{"dataset_dir": "spotify_20", "classes": 20, "segment_length": 4, "sample_rate": 24000, "augment_size": 5, "overlap_size": 0.5, "train_shape": [13248, 26, 188], "valid_shape": [2208, 26, 188], "test_shape": [2208, 26, 188], "scores": {"test_loss": 0.165031298995018, "test_acc": 0.9682971239089966, "train_loss": 0.05653025954961777, "train_acc": 0.9819595217704773, "valid_loss": 0.15586282312870026, "valid_acc": 0.9710144996643066}, "training_params": {"epochs": 1000, "batch_size": 32, "patience": 20, "learning_rate": 0.0001}, "representation": {"name": "MFCC", "n_mfcc": 26, "n_fft": 2048, "hop_length": 512}}