{"dataset_dir": "spotify_120", "classes": 120, "segment_length": 5, "sample_rate": 24000, "augment_size": 5, "overlap_size": 0.0, "train_shape": [30060, 40, 235], "valid_shape": [5010, 40, 235], "test_shape": [5010, 40, 235], "train_time": 87.8474817276001, "scores": {"test_loss": 1.7543175220489502, "test_acc": 0.8123752474784851, "train_loss": 0.01749587431550026, "train_acc": 0.9945775270462036, "valid_loss": 1.7204275131225586, "valid_acc": 0.8157684803009033}, "training_params": {"epochs": 1000, "batch_size": 32, "patience": 20, "learning_rate": 0.0001}, "representation": {"name": "MFCC", "n_mfcc": 40, "n_fft": 2048, "hop_length": 512}}